cliente_id,nombre,pais,fecha_registro
1,Paige Williams,Macao,2025-04-02
2,George Jones DVM,Costa Rica,2025-03-21
3,Samantha Powers,Montserrat,2024-04-22
4,Meghan Hunter,Jersey,2025-06-03
5,Robert Williams,Bosnia and Herzegovina,2025-04-26
6,Brenda Paul,Swaziland,2022-09-29
7,Janet Shah,Luxembourg,2023-06-10
8,Daniel Murphy,Cyprus,2023-01-20
9,Henry Curry,Bahamas,2023-01-01
10,Crystal Baker,Spain,2023-07-04
11,Megan Williams,Israel,2023-04-15
12,Danny West,Georgia,2023-08-26
13,Kristin Brown,Somalia,2024-03-18
14,Emily Hubbard,Argentina,2023-08-22
15,Sherri Collins,Timor-Leste,2025-01-22
16,Jeremy Cooke,Mali,2022-08-28
17,Nicole Walker,Antarctica (the territory South of 60 deg S),2025-04-09
18,Elizabeth Baker,Myanmar,2023-10-06
19,Tyler Tucker,Reunion,2024-06-30
20,Ronald Davis,Australia,2022-08-03
21,Samantha Harris,Nicaragua,2022-07-19
22,Tracie Rodriguez,Qatar,2024-06-27
23,Mckenzie White,Vanuatu,2023-01-11
24,Melissa Lewis,Algeria,2024-02-20
25,Karen Weaver,Chad,2025-04-01
26,Claudia Rivers,Austria,2022-12-29
27,Donna Sharp MD,Haiti,2024-01-14
28,Douglas Ruiz,Mauritius,2023-02-07
29,Daniel Allen,Mauritania,2023-11-13
30,Denise Warner,French Southern Territories,2023-03-29
31,Kristen Gonzalez,Tonga,2024-04-17
32,Joshua Arnold,Mexico,2024-09-30
33,Trevor Cline DDS,Congo,2025-05-30
34,Terry Walsh,Congo,2024-10-24
35,Christopher Martinez,Thailand,2024-07-06
36,Kathy Anderson,Costa Rica,2024-05-27
37,Laura Baker,Bulgaria,2022-10-28
38,Shelly Nelson,Haiti,2025-05-27
39,Rachel Donaldson,Nepal,2023-08-05
40,Stephen Thompson,Croatia,2023-10-10
41,Richard Delgado,Namibia,2022-12-19
42,Caroline Yoder,Falkland Islands (Malvinas),2024-12-22
43,Nancy White,Bolivia,2025-06-19
44,Samantha Molina,Mauritius,2024-04-21
45,Dr. Emily Collins,Bolivia,2025-05-21
46,Anne Merritt,Guatemala,2024-07-18
47,Kyle Baldwin,Chad,2022-10-07
48,Anthony Harris,Lesotho,2023-02-06
49,Steven Reynolds,United Arab Emirates,2023-07-25
50,Eric Serrano,Timor-Leste,2025-05-21
51,Heather Castillo,Romania,2023-04-07
52,Pamela Boyle,Syrian Arab Republic,2024-04-02
53,John Morgan,Kenya,2023-03-08
54,Charles Anderson,Marshall Islands,2024-07-19
55,James Carter,Congo,2025-02-16
56,Victoria Jenkins,Swaziland,2024-10-29
57,Tyler Davis,Bermuda,2023-10-23
58,Edward Brown,Palestinian Territory,2024-12-08
59,Scott White,Greenland,2023-01-14
60,Mary Davenport,Singapore,2023-07-22
61,Seth Payne,Cape Verde,2024-02-21
62,Melissa Burton,French Southern Territories,2024-03-10
63,Stephanie Maxwell,Honduras,2024-04-23
64,Maria Jackson,United States of America,2022-11-10
65,Jordan Maldonado,France,2024-01-30
66,Sandra Smith,Zambia,2025-01-07
67,Haley Rodriguez,Saint Helena,2025-01-24
68,Max James,Aruba,2024-03-09
69,Nancy Hanson,Austria,2024-06-27
70,Tanner Evans,Uzbekistan,2025-03-15
71,Jessica Williams,Palau,2023-12-26
72,Cristian Walker,Lesotho,2023-06-28
73,Louis Silva,Qatar,2022-10-13
74,Joshua Willis,Tokelau,2022-12-15
75,Jon White,San Marino,2023-10-25
76,David Gillespie,Slovenia,2022-07-07
77,Sarah Evans,Kyrgyz Republic,2024-04-30
78,Amber Ware,American Samoa,2025-03-20
79,Julia Riley,Poland,2022-12-06
80,Kevin Lee,Gabon,2023-02-11
81,Melissa Mccullough,Tanzania,2023-02-23
82,Robert Williams,Kazakhstan,2023-11-01
83,Tiffany Baxter,United States Virgin Islands,2023-11-22
84,Megan Parrish,Sweden,2024-02-01
85,Chad Jarvis,Guinea-Bissau,2024-09-02
86,Terri Landry,Georgia,2025-06-21
87,Timothy Conrad,Antigua and Barbuda,2025-04-30
88,Alexandra Green,Palestinian Territory,2022-07-05
89,Brenda Carter,Bolivia,2025-02-12
90,Marvin Parker,Cayman Islands,2024-10-17
91,Dustin Thompson,Congo,2024-12-07
92,William Jackson,Netherlands,2024-03-16
93,Nicole Bell,Finland,2024-04-09
94,Brandon Frank,Hungary,2023-04-12
95,Mary Nelson,French Polynesia,2024-06-17
96,Ann Hart,Puerto Rico,2022-09-03
97,Melissa Rivera,Marshall Islands,2024-08-27
98,Dr. Aaron Richardson,India,2024-03-13
99,Sandra Campbell,Equatorial Guinea,2024-05-26
100,Jared Baker,Heard Island and McDonald Islands,2024-12-17
101,Brandon Smith,Gambia,2024-08-22
102,Donald Morris,Vanuatu,2023-12-04
103,Michael Bright,Svalbard & Jan Mayen Islands,2024-12-22
104,Mark Arellano,Djibouti,2024-05-09
105,Tracey Harris,Guernsey,2024-03-14
106,Margaret Williamson,Russian Federation,2023-05-31
107,Katherine Clements,Western Sahara,2023-04-12
108,Terri Shaw,Czech Republic,2023-01-09
109,Jonathan Murphy PhD,Bermuda,2022-10-17
110,Maurice Hartman,Denmark,2022-09-17
111,Juan Brooks,Holy See (Vatican City State),2024-06-27
112,Theresa Williamson,Mozambique,2024-01-09
113,Steven Shepard,Armenia,2023-11-08
114,Courtney Craig,Saint Barthelemy,2023-06-06
115,Lisa Hunter,Algeria,2024-08-21
116,Courtney Reeves,Singapore,2023-12-05
117,Bobby Braun,Pitcairn Islands,2022-07-23
118,Angela Rodriguez,Central African Republic,2022-12-05
119,Jason Douglas,Azerbaijan,2025-02-23
120,Michelle Fry,Cocos (Keeling) Islands,2025-03-06
121,Alexis Harris,Bahrain,2024-11-29
122,Sara Baker,Cuba,2025-05-22
123,Victoria Rojas,Kyrgyz Republic,2023-07-13
124,Tina Anderson,Turkey,2023-02-10
125,Amber Kennedy,Pakistan,2025-04-28
126,Ryan Banks,Serbia,2024-12-11
127,Maureen Graham,Moldova,2023-12-01
128,Dr. Robert Ward,Chile,2025-06-13
129,Justin Smith,Nigeria,2024-09-04
130,Robin Blake,Vanuatu,2024-12-21
131,Patricia Zimmerman,Slovakia (Slovak Republic),2023-01-22
132,Mark Andrews,China,2024-03-23
133,Robert Watts,Israel,2023-01-31
134,Taylor Ellis,Bermuda,2023-04-16
135,Ryan Adams,Nicaragua,2023-01-31
136,Robert Vaughn,Serbia,2024-04-26
137,Charles Shah,Cuba,2025-03-08
138,Erik Lewis,Norfolk Island,2023-09-12
139,Lisa Gutierrez,Dominica,2024-02-13
140,Erin Newman,Israel,2024-06-10
141,Marilyn Mason,Reunion,2024-08-13
142,Jacob Lewis,Morocco,2022-10-17
143,Steven Alexander,Equatorial Guinea,2022-08-12
144,Abigail Morgan,Eritrea,2024-06-15
145,Desiree Carlson,Nepal,2023-07-11
146,Andrea Nelson,Central African Republic,2025-06-20
147,Joshua Jarvis,Greenland,2023-06-16
148,Richard Wilkins,China,2025-01-07
149,Janice Johnson,Saint Barthelemy,2022-11-05
150,Megan Sloan,Malawi,2022-10-28
151,Heather Wilson,Russian Federation,2024-09-30
152,Tammy Aguirre,Yemen,2024-01-27
153,Adam Kidd,Iceland,2023-09-25
154,Victoria Anderson,Kyrgyz Republic,2022-09-05
155,Ray Hines,Poland,2023-03-08
156,Abigail Lopez,United Kingdom,2024-05-14
157,Alicia Smith,Samoa,2023-05-04
158,Chad Wolfe,Cambodia,2024-01-29
159,James Reyes,Romania,2023-09-13
160,Lauren Evans,Albania,2025-05-02
161,Gregory Bender,Solomon Islands,2024-08-28
162,Joseph Villegas,Namibia,2023-05-12
163,Stephanie Leblanc,Samoa,2024-03-23
164,Zachary Malone,United States Virgin Islands,2022-11-14
165,Ellen Miller,India,2024-10-14
166,Bryan Sanchez,Solomon Islands,2023-03-04
167,Cody Ingram,Brazil,2022-12-28
168,Dale Martin,Malta,2022-07-11
169,Nathan Davis,Jamaica,2023-06-12
170,Cory Hill,Maldives,2022-10-31
171,Gary Richards,Ethiopia,2023-02-15
172,John Foster,Reunion,2023-09-15
173,Tamara Lyons,Papua New Guinea,2022-10-20
174,Samantha Thornton,United States Minor Outlying Islands,2023-10-29
175,Daniel Kim,Cape Verde,2025-02-03
176,Eric Gonzalez,Cote d'Ivoire,2022-07-12
177,Christina Thompson,Fiji,2022-12-25
178,Sherry Phelps,Australia,2025-03-30
179,Anna Haynes,Sierra Leone,2024-01-08
180,John Nelson,Romania,2023-08-11
181,Daniel Page,South Africa,2023-02-28
182,Gloria Armstrong,Iceland,2024-02-20
183,Alexandra Barton,Angola,2023-11-14
184,Jared Wilson,Ireland,2022-11-05
185,Teresa Clark,Saint Vincent and the Grenadines,2023-03-30
186,Steven Owen,Grenada,2024-08-15
187,Mrs. Shannon Peterson DDS,Guam,2025-03-07
188,Alyssa Allen,Mexico,2022-08-24
189,Chad Stephenson,Central African Republic,2025-03-07
190,Donald Davis,Lebanon,2022-08-18
191,John Rogers,Bulgaria,2024-01-25
192,Brenda Alvarez,Tokelau,2022-12-27
193,Michael Curry,Guernsey,2024-02-10
194,Shawn Clarke,Suriname,2024-07-04
195,Robert Barnes,Papua New Guinea,2023-02-02
196,Michael Nguyen,South Georgia and the South Sandwich Islands,2025-03-10
197,James Roth,Lebanon,2022-07-03
198,William Beck,Kazakhstan,2022-07-22
199,Melissa Chen,Sudan,2024-02-09
200,Kayla Robinson,Tanzania,2024-11-29
201,Carol Rosales,Nauru,2025-01-07
202,John Meyer,Holy See (Vatican City State),2024-06-01
203,Barbara Weber,Christmas Island,2024-04-20
204,Stephanie Harmon,Sao Tome and Principe,2023-11-16
205,Jesus Hogan,Slovenia,2024-04-16
206,Cathy Harris,China,2022-12-27
207,Amanda Miles,Sierra Leone,2025-06-06
208,Hannah Cooper MD,Kazakhstan,2023-11-04
209,Jamie Ryan,Saint Pierre and Miquelon,2024-08-26
210,Dana Patterson,Maldives,2024-01-16
211,Tracy Scott,Russian Federation,2023-05-21
212,Justin Aguilar,Guatemala,2024-04-04
213,Jody Todd,Kuwait,2023-10-23
214,Hector Dunn,Portugal,2024-11-29
215,Nicholas Lee,Rwanda,2022-09-16
216,Stephanie Flores,Bahamas,2024-02-10
217,Rachel Wagner,South Africa,2023-07-05
218,Laurie Harper,Zambia,2023-05-12
219,Taylor Weiss,Guadeloupe,2023-02-21
220,Aaron Fritz,China,2022-07-16
221,Christopher Fields,Suriname,2024-07-23
222,Kimberly Sherman,Pitcairn Islands,2024-03-12
223,Corey Ramsey,Saint Lucia,2023-09-12
224,Tina Peterson,Mexico,2023-04-05
225,Bryan Galloway,Rwanda,2024-06-09
226,Dawn Aguilar,Guinea,2024-02-04
227,James David,Morocco,2024-08-21
228,Debbie Bates,Sri Lanka,2023-07-03
229,Timothy Hopkins,Cook Islands,2022-07-14
230,Zachary King,Romania,2024-09-20
231,Allison Hunt,Peru,2024-09-14
232,Eric Miles,Cocos (Keeling) Islands,2022-11-11
233,Jeffrey Bryant,Uzbekistan,2024-08-22
234,Matthew Hall,Taiwan,2022-07-30
235,Brenda Nelson,Canada,2024-03-11
236,Mr. Eugene George,Maldives,2023-11-04
237,Lisa Martinez,Lesotho,2023-06-06
238,James Ponce,Eritrea,2023-08-06
239,Bruce Davis,Tuvalu,2024-06-28
240,Anthony Lewis,Netherlands Antilles,2022-11-27
241,Anne Gonzales,China,2023-02-09
242,Justin Webb,Czech Republic,2023-05-11
243,Emily Hoover,Syrian Arab Republic,2024-10-22
244,Michael Miller,Rwanda,2023-06-28
245,Kelly Fernandez,Cape Verde,2024-06-02
246,Tiffany Diaz,Guatemala,2024-07-21
247,Dakota Osborn,Cuba,2022-12-17
248,Larry Rogers,France,2023-02-26
249,Ashley Villanueva,Guinea-Bissau,2025-03-29
250,John Terry,Tajikistan,2022-12-09
251,Jennifer Johnson,Tokelau,2024-10-21
252,Joseph Morales,Tokelau,2022-07-27
253,Steve Fuller,Slovakia (Slovak Republic),2025-04-22
254,Christopher Krause II,Micronesia,2023-12-22
255,William Ramos,Montenegro,2024-07-07
256,Shawn King,Syrian Arab Republic,2025-01-20
257,Jesse Christensen,Tajikistan,2025-05-11
258,Debra Bell,Belgium,2024-02-28
259,Robert Ellison,Ukraine,2024-02-12
260,Steven Dalton,Martinique,2025-03-11
261,Terry Wheeler,Malta,2023-07-04
262,Joseph Myers,Mauritania,2024-12-19
263,Justin Smith,Faroe Islands,2023-04-28
264,Jonathan Cox,Lao People's Democratic Republic,2023-01-31
265,Tammy Reynolds,Algeria,2022-11-22
266,Michael Howard,Yemen,2023-01-15
267,Justin Phillips,Turkey,2024-09-01
268,Latasha Rodriguez,Fiji,2023-08-10
269,Dale Cannon,Marshall Islands,2023-12-24
270,Justin Henry,Costa Rica,2024-12-10
271,Rick Bailey,United Kingdom,2023-12-22
272,Sarah Miles,Jordan,2024-02-26
273,Lee Clark,Svalbard & Jan Mayen Islands,2023-11-11
274,Edwin Williams,Iran,2024-06-16
275,Danielle Adams,Romania,2024-11-22
276,Adam Jones,Croatia,2024-03-16
277,Laurie Wright,Sudan,2024-10-23
278,Holly Rangel PhD,Poland,2023-05-17
279,Michael Martin,Saint Barthelemy,2024-06-14
280,Julie Smith,Western Sahara,2022-08-11
281,Deborah Brown,Serbia,2024-05-29
282,Frank Allen,Congo,2023-11-19
283,Brian Thompson,Pitcairn Islands,2023-01-25
284,Nathan Dixon,Austria,2024-06-12
285,Kimberly Stanton,Peru,2022-08-18
286,Zachary Ware,Cambodia,2025-03-07
287,Rebecca Peters,Mozambique,2025-02-28
288,Sarah Hernandez,Czech Republic,2024-10-26
289,Deborah Powell,Christmas Island,2023-01-12
290,Luis Harris,Sri Lanka,2025-02-02
291,Dylan Wilson,Uruguay,2023-04-21
292,Victoria Ballard,Madagascar,2024-09-18
293,Stephanie Baker,Sierra Leone,2024-09-06
294,Ashley Jacobson,Canada,2025-05-24
295,Molly Diaz,Panama,2024-09-04
296,Jamie Pruitt,Zambia,2022-09-11
297,Scott Adkins,Uganda,2025-04-01
298,Jessica Stevens,Micronesia,2022-08-13
299,Benjamin Collins,Zambia,2024-11-15
300,Christopher Warner,Peru,2022-11-20
301,Kayla Harris,Guernsey,2023-03-27
302,Michelle Miles,Sao Tome and Principe,2023-06-06
303,Susan Henderson,Isle of Man,2024-07-07
304,Angela Jensen,United States of America,2024-01-01
305,Amber Holden,Jamaica,2024-10-08
306,Timothy Clark,Finland,2025-03-18
307,Bianca Miller,Germany,2022-12-25
308,Molly Bailey,Haiti,2023-04-25
309,Mr. Samuel Reyes,Anguilla,2023-07-29
310,William Tate,Sao Tome and Principe,2023-03-26
311,Rodney Moore,Angola,2024-03-08
312,Chris Hernandez,Germany,2023-01-17
313,Ryan Bell,Mauritius,2022-11-02
314,Linda Maldonado,Slovenia,2025-06-09
315,Kari Burns,French Polynesia,2025-03-22
316,Janice Fisher,Comoros,2023-03-16
317,Mr. Chad Clark,Portugal,2024-09-07
318,Michael Jackson,Burkina Faso,2024-10-05
319,Laurie Flores,El Salvador,2022-11-30
320,Matthew Nicholson,Mozambique,2022-10-18
321,Christina Smith,Madagascar,2023-11-25
322,Barbara Snyder,Latvia,2024-11-20
323,Shawn Martinez,Central African Republic,2024-02-17
324,James Kelly,Iran,2024-04-30
325,Russell Flores,Portugal,2023-06-22
326,Erin Mathis,Tonga,2023-11-23
327,Nicole Love,Anguilla,2022-07-21
328,Phillip Burns,Estonia,2024-01-07
329,James Wood,Afghanistan,2024-08-15
330,Thomas Le,Jordan,2025-04-21
331,Richard Webster MD,Tokelau,2023-12-14
332,Mary Raymond,Andorra,2025-04-23
333,Timothy Palmer,Gibraltar,2025-05-14
334,John Hines,Germany,2025-06-06
335,Sandy Shields,Maldives,2022-11-29
336,Nicole Mitchell,Brazil,2023-06-20
337,Michelle Phelps,Falkland Islands (Malvinas),2025-02-24
338,Steven Rivera,Afghanistan,2024-03-02
339,Amy Baird,Saint Barthelemy,2023-03-04
340,Jasmine Summers,Cayman Islands,2024-02-02
341,Laura Davis,Burundi,2025-03-17
342,Samuel Thomas,Hungary,2025-03-01
343,Jason Thompson,Tanzania,2024-07-02
344,Sherry Webb,Sri Lanka,2024-12-03
345,Brittney Murray,Swaziland,2024-11-16
346,Nicole Thomas,Nigeria,2024-01-01
347,Nicole White,French Polynesia,2023-03-02
348,James Rios,Vanuatu,2024-01-28
349,Holly Whitney,Somalia,2023-02-27
350,Jennifer Taylor,Anguilla,2024-04-27
351,Michael Davis,Martinique,2023-08-16
352,Jeremiah Clarke,Wallis and Futuna,2024-10-13
353,Peter Hale,Belize,2025-03-19
354,Tiffany Bell,Greece,2023-09-13
355,Meghan Skinner,Netherlands,2025-05-08
356,Stephanie Moran,Slovenia,2025-05-31
357,Frank Larson,Macao,2024-05-01
358,Katrina Ross,Fiji,2025-06-18
359,Susan Carter,Wallis and Futuna,2022-11-30
360,Daniel Simpson,Gibraltar,2022-12-15
361,John Romero,Falkland Islands (Malvinas),2023-03-17
362,Miranda Rivera,Slovenia,2023-03-03
363,Monica Perez,Pakistan,2023-06-16
364,Sheila Rose,Uruguay,2023-03-02
365,Mark Cooper,Cayman Islands,2025-02-24
366,John Rivera,Afghanistan,2022-07-12
367,Nicole Thomas,Isle of Man,2022-08-30
368,David Mann,French Southern Territories,2024-07-11
369,Kimberly Hines,Estonia,2025-06-06
370,Toni Thomas,Thailand,2024-11-06
371,Thomas Gomez,Luxembourg,2022-11-23
372,Laura Bautista,Isle of Man,2024-12-29
373,Cassandra Garrison,Zimbabwe,2024-03-05
374,Brandon Rogers,Cote d'Ivoire,2025-05-30
375,Emily Johnson,American Samoa,2024-09-05
376,Jacob George,Sierra Leone,2025-01-29
377,Michael Guzman,China,2025-01-10
378,Darryl Alexander,Jersey,2024-06-28
379,Charles Wilson,Uruguay,2023-12-06
380,Stephen Ballard,Korea,2022-07-15
381,Robert Garza,Tunisia,2024-04-19
382,Wayne Pierce,Panama,2022-09-09
383,Douglas Mathis,Cyprus,2024-09-17
384,Joseph Bennett,Greece,2023-08-30
385,Gina Bridges,Korea,2024-02-09
386,Ashley Jones,Romania,2024-01-27
387,Ian Thompson,Mauritius,2024-02-21
388,Heather Dennis,Seychelles,2023-12-17
389,Andrew Anderson,New Caledonia,2024-08-18
390,Nicholas Liu,Cuba,2023-07-17
391,Karen Anderson,Bouvet Island (Bouvetoya),2022-10-07
392,Ralph Collins,Korea,2024-05-22
393,Thomas Wright,Cuba,2024-07-26
394,Laura King,Lithuania,2023-03-31
395,Nicole Hinton,French Polynesia,2023-09-20
396,Cynthia Pruitt,Luxembourg,2025-01-06
397,Cesar Jones,Jamaica,2025-02-04
398,Kathryn Nunez,Macedonia,2023-05-20
399,Aaron Howard,Oman,2025-05-07
400,Thomas Murphy,Gabon,2025-04-14
401,Scott Brown DVM,Palestinian Territory,2023-06-09
402,James Brown,Moldova,2024-10-10
403,Timothy Ramirez,Heard Island and McDonald Islands,2023-03-19
404,Kevin Marsh,Holy See (Vatican City State),2022-11-01
405,Eric Reed,Cook Islands,2022-11-10
406,Desiree Mcmillan,Lesotho,2024-09-13
407,Patricia Pham,Tokelau,2024-03-23
408,Robert Jimenez,Montenegro,2024-12-11
409,Melissa Washington,Thailand,2022-12-07
410,Carl Brown,Saint Vincent and the Grenadines,2022-12-29
411,Gary Perkins,Northern Mariana Islands,2022-12-02
412,Sarah Marshall,Australia,2025-06-05
413,Courtney Sexton,Botswana,2022-11-06
414,Rebecca Brooks,Algeria,2024-06-15
415,William Lambert,Norfolk Island,2022-10-07
416,Mrs. Angela Delgado,Guinea,2023-02-16
417,Mark Franklin,El Salvador,2022-08-06
418,Abigail King,Montserrat,2022-10-30
419,Lori Thompson,Gibraltar,2025-03-12
420,Dr. Jennifer Pratt DDS,Liberia,2022-08-16
421,Erika Vaughn,Afghanistan,2024-05-21
422,Christopher Dennis,South Africa,2024-09-26
423,Mallory Cruz,Colombia,2023-07-08
424,Theresa Nunez,Aruba,2023-04-03
425,Shannon Collins,Azerbaijan,2025-01-13
426,Edward Cuevas,Lao People's Democratic Republic,2023-12-13
427,Sabrina Thomas,Italy,2023-12-25
428,Terri Henderson MD,Finland,2025-02-18
429,Debra Brown,Morocco,2023-03-17
430,Sierra Carroll,Lao People's Democratic Republic,2025-04-28
431,Cody Smith,Congo,2022-07-22
432,Jasmine Morris,Yemen,2022-10-16
433,Tanya Adams,Serbia,2025-06-13
434,Laura Jones,Colombia,2025-04-25
435,Andrea Myers,Antarctica (the territory South of 60 deg S),2023-12-07
436,Kayla Olson,French Guiana,2024-06-04
437,Michael Hooper,Belgium,2022-09-20
438,Roger Kelly,Turkmenistan,2025-03-02
439,Timothy Evans,Australia,2024-01-31
440,Christine Smith,Moldova,2024-06-25
441,Vincent Brooks,Greenland,2022-11-11
442,David Lee,Namibia,2023-02-28
443,Melanie Rivera,Israel,2024-10-14
444,Nicole Wright,Netherlands Antilles,2025-01-31
445,Abigail Benson,El Salvador,2023-10-25
446,Michele Johnson,Gambia,2022-10-30
447,Andrew Chavez,Luxembourg,2022-12-12
448,Natalie Sanders,Morocco,2022-07-15
449,Beth Johnson,Congo,2024-02-11
450,Michelle Davies,Romania,2024-01-20
451,Lisa Williams,Burundi,2023-04-26
452,Miguel Zamora,Myanmar,2022-10-10
453,Jeffrey Brown,Guadeloupe,2022-08-02
454,Margaret Yang,Palau,2025-06-18
455,Andrew Barnes,Dominican Republic,2022-10-31
456,Scott Maldonado,Liberia,2023-04-26
457,Gregory Nelson,Mali,2025-06-18
458,John Madden,Iran,2022-10-23
459,Michael Taylor,United States Minor Outlying Islands,2023-12-14
460,Karen Christian,Bhutan,2024-03-28
461,Jason Conway,Guyana,2025-05-19
462,Tiffany Watson,Bosnia and Herzegovina,2024-11-24
463,Jason Perry,Iran,2023-05-11
464,Andrew Jackson,Comoros,2025-02-05
465,Alexandra Clark,Heard Island and McDonald Islands,2024-01-17
466,Stacy Mcdonald,Trinidad and Tobago,2022-09-24
467,Charles Young,Cook Islands,2024-05-04
468,Matthew Graham,Macedonia,2024-01-13
469,Steven Schmitt,Colombia,2022-10-11
470,Paula Irwin,Macao,2023-04-13
471,Theresa Kelly,South Africa,2023-10-18
472,Sandra Vance,Jamaica,2023-09-18
473,Jessica Glenn DDS,Bolivia,2023-03-23
474,Rita Smith,Niue,2023-05-06
475,Matthew Sandoval,Antarctica (the territory South of 60 deg S),2024-08-24
476,Kara Taylor,United Arab Emirates,2022-08-10
477,Stephanie Norton,Antarctica (the territory South of 60 deg S),2023-07-04
478,Sara Hopkins,Christmas Island,2024-11-15
479,Benjamin Hall,Ghana,2023-02-18
480,Patrick Mercado,Brunei Darussalam,2023-08-12
481,Michael Myers,South Georgia and the South Sandwich Islands,2022-11-12
482,Hector Riley,Bangladesh,2024-09-02
483,Elizabeth Pugh,New Zealand,2022-09-22
484,Thomas Johnson,Costa Rica,2022-09-21
485,Robin Ryan,Fiji,2024-02-11
486,Pam Morgan,Bouvet Island (Bouvetoya),2023-05-21
487,Christopher Matthews,Serbia,2022-08-17
488,Harold Olson,Algeria,2022-07-03
489,Martin Barry,Guernsey,2024-11-03
490,Kimberly Pollard,Guinea-Bissau,2025-01-16
491,Sarah Oconnor,Jersey,2024-11-15
492,Vanessa Cannon,Haiti,2024-01-03
493,Russell Gutierrez,Pakistan,2025-06-15
494,Lori Patel,Spain,2022-08-17
495,Ryan Wiley,Italy,2024-09-24
496,Melanie Palmer,Slovenia,2023-11-24
497,Debbie Jackson,Ecuador,2024-02-15
498,Ashley Newton,Monaco,2023-11-30
499,Jose Duncan,Venezuela,2024-09-22
500,Patrick James,Bahamas,2025-01-16
501,Paul Johnson,Peru,2023-08-13
502,Veronica Morris,Slovakia (Slovak Republic),2023-05-24
503,Brenda Hernandez,Singapore,2024-10-24
504,Sheila Price,Norfolk Island,2023-04-18
505,Edward Young,Lesotho,2023-03-03
506,Lisa Robinson,Reunion,2022-09-10
507,Heather Kim,Zambia,2024-02-24
508,Matthew Parker,Sao Tome and Principe,2024-06-26
509,Timothy Lester,Russian Federation,2023-08-09
510,Timothy Collins,Solomon Islands,2022-10-13
511,Cathy Phillips,Cambodia,2023-03-01
512,Michele Collins,Falkland Islands (Malvinas),2025-04-22
513,Richard Bell,Heard Island and McDonald Islands,2023-05-13
514,Jessica Lopez,Cambodia,2025-03-16
515,Wendy Higgins,Egypt,2022-07-16
516,Lisa Conrad,Guernsey,2022-10-13
517,Ashley Garcia,India,2024-05-05
518,Kyle Patterson,Indonesia,2023-12-13
519,Brian David,Central African Republic,2025-02-22
520,Holly Gonzalez,Saint Kitts and Nevis,2022-09-20
521,Dana Griffin,Samoa,2025-04-16
522,Thomas Reynolds,Denmark,2024-03-28
523,John Morrow,Philippines,2022-07-29
524,Andrew James,Tuvalu,2025-05-13
525,Willie Reyes,Belgium,2022-12-11
526,Alison Dillon,American Samoa,2023-03-04
527,Pamela Robinson,Guam,2023-10-13
528,Nicole Potts DDS,Western Sahara,2024-02-24
529,Jody Scott,Cambodia,2024-06-11
530,Alejandro Hall,Hong Kong,2024-09-07
531,Sheila Bradford,Moldova,2023-12-02
532,Christine Bell,Iceland,2024-05-31
533,Alicia Berry,Guyana,2024-01-10
534,Allison Patton,Yemen,2024-08-10
535,David Mitchell,Kazakhstan,2024-11-05
536,Michael Johnson,Burundi,2024-08-09
537,Joshua Arnold,Mozambique,2023-12-04
538,James Heath,Switzerland,2023-06-07
539,Jason Anderson,Ghana,2023-07-05
540,Diana Williams,Guernsey,2024-08-01
541,Jacob Horton,Afghanistan,2025-01-14
542,Andrew Fuentes,Madagascar,2023-01-15
543,Michaela Brown,United States Virgin Islands,2025-03-05
544,Michael Keller,Moldova,2023-11-17
545,Jennifer Campbell,United Kingdom,2024-04-10
546,Paul Thompson,Georgia,2023-10-30
547,Lindsey Smith,India,2022-09-09
548,George Daniels,Palau,2025-03-06
549,Misty Rodriguez,New Caledonia,2025-03-17
550,Matthew Bridges,Anguilla,2023-06-06
551,Sabrina Kennedy,Saudi Arabia,2024-01-22
552,Jennifer Wilkins,Cuba,2025-04-08
553,Chris Berry,Tanzania,2024-06-08
554,Dale Osborn,New Zealand,2023-02-19
555,Douglas Campos,Trinidad and Tobago,2022-10-15
556,Cassandra May,Guyana,2024-04-19
557,Susan Schwartz,New Caledonia,2023-03-12
558,Andre Jones,Thailand,2025-03-19
559,Nicolas Horton,Zambia,2023-08-03
560,Jessica Robinson,Israel,2025-06-24
561,Scott Phillips,French Southern Territories,2022-07-29
562,Angela Oneal,Vietnam,2024-07-23
563,Tiffany Chan,Panama,2023-08-11
564,Brandon Morrison,Yemen,2024-03-03
565,Maria Gutierrez,Puerto Rico,2023-10-25
566,Stephanie Pittman,Cook Islands,2025-03-26
567,Joseph Kim,Burkina Faso,2024-01-04
568,Joshua Dougherty,Luxembourg,2023-09-26
569,Theresa Harvey,Timor-Leste,2023-12-03
570,Alexis Bird,Myanmar,2024-03-10
571,Melissa Cole,Kuwait,2023-10-07
572,Derrick Moreno,Tuvalu,2023-09-05
573,Doris James,Brunei Darussalam,2022-11-20
574,Chase Farley,Burundi,2024-08-10
575,Carrie Sandoval,Argentina,2023-10-05
576,Christian Smith,Trinidad and Tobago,2024-09-01
577,Linda Nguyen DDS,Kenya,2023-12-05
578,Gregory Horn,Vietnam,2023-06-04
579,Taylor Price,Jamaica,2024-09-26
580,Melinda Burnett,Nicaragua,2022-10-25
581,Lisa Baird,Guernsey,2023-02-07
582,Kenneth Smith,New Zealand,2022-08-26
583,Briana Brown,Svalbard & Jan Mayen Islands,2024-02-06
584,Jacob Wilson,Belize,2023-11-24
585,John Morales,Andorra,2024-09-25
586,Cristian Walker,Benin,2024-04-01
587,Brenda Mitchell,Botswana,2023-09-02
588,Randy Johnston,Mayotte,2022-12-28
589,Jennifer Hubbard,Guadeloupe,2025-03-19
590,Nicole Sims,Saint Vincent and the Grenadines,2022-09-27
591,Michele Moore,Peru,2025-01-08
592,Robert Wiley,Norway,2024-12-03
593,Theresa Allison,Comoros,2024-08-30
594,Jacob Schwartz,Ukraine,2025-06-27
595,Erica Erickson,Czech Republic,2023-05-15
596,Crystal Munoz,Russian Federation,2023-10-24
597,Jonathan Hawkins,Isle of Man,2022-10-15
598,Samantha King DDS,Timor-Leste,2024-03-04
599,Crystal Mcbride,Malawi,2025-04-09
600,Alicia Price,Yemen,2024-05-19
601,William Obrien,Timor-Leste,2022-10-19
602,Russell Davis,Haiti,2023-03-06
603,Sheena Adkins,Tanzania,2024-05-03
604,Nancy Brown,Jamaica,2023-08-19
605,Crystal Todd,Kyrgyz Republic,2024-12-16
606,Casey Olson,British Virgin Islands,2024-12-14
607,Amanda Williams,Anguilla,2023-01-20
608,Paul Glover,Lesotho,2023-12-24
609,Jessica Riggs,Nepal,2023-03-19
610,Tracy Wade,Kiribati,2023-05-27
611,Stacy Berg,Cyprus,2024-05-13
612,Richard Cox,Chad,2024-11-29
613,Lori Ramirez,Greece,2024-03-14
614,Sarah Reyes,Bangladesh,2023-04-25
615,Autumn Rojas,Nigeria,2024-06-08
616,Stacey Bush,Jordan,2024-09-23
617,Kristin Perez,Northern Mariana Islands,2024-04-15
618,Marc Garcia,Slovakia (Slovak Republic),2025-02-09
619,Christie Perry,Myanmar,2024-12-25
620,James Spencer MD,Central African Republic,2023-01-26
621,Richard Fernandez,Luxembourg,2023-05-25
622,Jennifer Woods,Sri Lanka,2023-06-06
623,Christian Lowe,Guinea,2023-05-16
624,Jennifer Stevenson,Micronesia,2023-03-24
625,Ariana Green,Ecuador,2024-07-19
626,Ryan Dunn,Kyrgyz Republic,2022-12-01
627,Anita Oconnor,Mexico,2023-02-20
628,Lynn Hubbard,Georgia,2023-11-17
629,Shaun Russell,Botswana,2023-02-06
630,Danielle Oliver,Peru,2023-12-23
631,Kimberly Bentley,Vanuatu,2024-01-16
632,Kyle Bass,Nigeria,2024-02-29
633,Jessica Johnson,Palestinian Territory,2025-01-31
634,Julia Cummings,Antigua and Barbuda,2023-04-26
635,Mr. Darryl Mcdaniel,Turks and Caicos Islands,2024-03-12
636,Courtney Sanchez DVM,Norway,2022-09-30
637,Robert Pierce,Latvia,2024-01-01
638,Diane Powell,Fiji,2025-02-12
639,Emily Bell,El Salvador,2022-10-11
640,Jennifer Calderon,Lithuania,2025-03-14
641,Carolyn Cooper,Croatia,2022-10-20
642,Jose White,United States Virgin Islands,2023-01-06
643,Andrew Mullen,Mauritius,2023-04-10
644,Robert Vasquez,French Guiana,2024-03-28
645,Debra Chung,Mali,2024-04-29
646,Mr. Dennis Smith,Chile,2023-07-20
647,Jason Crawford,Sudan,2025-02-17
648,Darlene Ramos,Hungary,2023-02-02
649,Jennifer Anderson,Myanmar,2023-07-02
650,William Arnold,Botswana,2023-09-22
651,Sarah Richardson,Rwanda,2022-09-05
652,Nancy Garza,Isle of Man,2024-03-15
653,David White,Marshall Islands,2025-02-07
654,Michael Bean,Bosnia and Herzegovina,2024-05-05
655,Diana Allen,Czech Republic,2023-05-04
656,Kathleen Winters,Vietnam,2024-06-01
657,Jonathan Singh,Denmark,2023-04-25
658,Joshua Wilson,Belize,2023-12-24
659,Thomas Taylor,Libyan Arab Jamahiriya,2025-06-07
660,John Mcmillan,Svalbard & Jan Mayen Islands,2022-11-01
661,Carl Allen,Iceland,2024-05-13
662,Jordan Hoffman,Kuwait,2022-11-10
663,Gabriella Perkins,Hong Kong,2022-12-16
664,Savannah Wilson,Myanmar,2024-02-18
665,Hector Smith,Niue,2022-10-22
666,Kristin Patel,Paraguay,2023-02-02
667,Megan Clark,Dominican Republic,2025-01-08
668,Tara Thompson,Macao,2024-07-05
669,Vanessa Newman,Barbados,2024-01-07
670,Lisa Gardner,Afghanistan,2022-08-11
671,Hannah Ortiz,Armenia,2024-03-24
672,Gabriel Martin,New Zealand,2024-11-02
673,Kathryn Smith,Italy,2024-12-17
674,Faith Avery,Comoros,2025-03-19
675,Katie Carroll,Saudi Arabia,2023-06-28
676,Kimberly Martin,France,2024-10-22
677,Alejandro Wilkins,Dominica,2025-03-12
678,Daniel Hart,Mexico,2024-08-02
679,Joe Hernandez,Heard Island and McDonald Islands,2024-01-10
680,Jonathan Barry,Sao Tome and Principe,2022-12-25
681,Martha Lopez,Madagascar,2023-02-04
682,Julia King,Morocco,2023-05-18
683,Sabrina White,Thailand,2024-06-20
684,Jennifer Pace,Paraguay,2022-12-16
685,Kimberly Williams,Madagascar,2024-10-13
686,Daniel Lynch,Jersey,2024-08-28
687,Carl Knox,Togo,2024-10-14
688,Spencer Decker,Saint Barthelemy,2023-05-09
689,Eric Sanchez,Estonia,2024-04-28
690,Jennifer Garcia,France,2022-08-01
691,Lisa Berry,Norway,2024-05-04
692,Christopher Taylor,New Zealand,2023-03-30
693,Tamara Paul,Western Sahara,2024-12-14
694,Jennifer Giles,Turkmenistan,2025-02-07
695,Austin Hancock,Rwanda,2022-08-13
696,Melissa Bell,Svalbard & Jan Mayen Islands,2023-09-05
697,Eric Bradshaw,United Kingdom,2025-02-01
698,Kristina Bates,Kazakhstan,2023-03-10
699,Andrea Jones,Philippines,2023-03-18
700,Amy Medina,Kenya,2022-07-13
701,Jennifer Fry,Kenya,2025-01-12
702,Luke Mcdaniel,Kyrgyz Republic,2025-02-10
703,David Mendoza,Solomon Islands,2024-10-02
704,Joshua Kane,Senegal,2025-05-29
705,Clifford Hernandez,Cocos (Keeling) Islands,2022-08-03
706,Megan Smith,Togo,2023-11-29
707,Lynn Cardenas,Iran,2024-11-27
708,Melissa Newman,Malta,2022-08-06
709,Angela Walter,United States Virgin Islands,2022-08-17
710,Christopher Fischer,United States of America,2025-01-01
711,Dr. Nina Garcia,Bulgaria,2024-10-07
712,Calvin Manning,Papua New Guinea,2024-05-26
713,Carolyn Wong,Heard Island and McDonald Islands,2023-03-30
714,Brian Keller,Korea,2025-02-02
715,Scott Walker,Morocco,2025-03-27
716,Joyce Bell,Cook Islands,2023-12-21
717,Luis Knight,Belgium,2025-02-06
718,Tracy Miller,Mozambique,2024-11-04
719,Melissa Marshall,Guam,2023-08-14
720,Meredith Green,Japan,2025-04-16
721,Trevor Sanford,Mauritania,2025-02-02
722,David Aguilar,Macao,2022-08-12
723,William Pacheco,Ireland,2022-10-07
724,Gary Ellis,Hungary,2025-03-05
725,Lance Davis,Aruba,2023-11-14
726,Shannon Rose,British Virgin Islands,2022-10-05
727,Heather Martinez,Maldives,2023-05-28
728,Steven Johnson,Togo,2022-07-21
729,Mark Hughes,Rwanda,2024-09-10
730,Virginia Perez,Antigua and Barbuda,2023-05-17
731,Jerry Green,Micronesia,2025-02-16
732,Angelica Freeman,Singapore,2024-06-14
733,James Vazquez,Turkey,2024-09-27
734,Benjamin Miller,Malaysia,2024-11-15
735,Stephanie Anderson,Saint Vincent and the Grenadines,2023-05-19
736,Sarah Mejia,Oman,2022-10-02
737,Christopher Alvarez,Cameroon,2025-02-14
738,Robert Smith,Guadeloupe,2025-03-02
739,Anna Reed,Fiji,2024-03-20
740,James Zhang,Korea,2024-11-10
741,Lindsay Hayden,Maldives,2023-02-12
742,Alexandra Li,Wallis and Futuna,2025-05-22
743,Stephanie Watson,Uruguay,2024-08-26
744,Beverly Phillips,New Caledonia,2024-06-08
745,Jennifer Pacheco,Germany,2023-05-27
746,Jacob Hampton,Montserrat,2023-08-16
747,Regina Clark,Holy See (Vatican City State),2023-08-26
748,Charles Cochran,Western Sahara,2025-03-03
749,Nicolas Nguyen,Kazakhstan,2023-03-10
750,Diane Mccann,Fiji,2024-08-13
751,Dustin Bass,Belgium,2024-01-08
752,Christopher Lee,Costa Rica,2025-01-12
753,Kelsey Thompson,Equatorial Guinea,2024-08-07
754,Karen Patton,Congo,2024-02-29
755,Aaron Stevens,British Indian Ocean Territory (Chagos Archipelago),2023-03-13
756,Shannon Ballard,French Southern Territories,2022-07-21
757,Melissa Porter,Thailand,2025-03-02
758,Andrew Paul,Sri Lanka,2024-08-21
759,Aaron Stevens,Sao Tome and Principe,2023-11-30
760,David Campbell,Vanuatu,2023-09-18
761,Todd Guzman,French Guiana,2024-03-08
762,Brianna Williams,Japan,2023-04-09
763,Sara Martinez,Papua New Guinea,2023-10-15
764,Christine Webb,Kiribati,2025-06-01
765,Steven Elliott,Iran,2022-10-03
766,Justin Brewer,Lebanon,2023-01-18
767,Andrea Luna,Romania,2025-04-02
768,Nicole Barnes,Gambia,2024-11-16
769,Glenn Leonard,Spain,2025-03-25
770,Michael Wright,Liechtenstein,2022-08-23
771,Mr. Kyle Ho,Indonesia,2023-04-10
772,Steven Wagner,Greece,2023-03-28
773,Robert Wagner,Myanmar,2024-03-02
774,Alexander Woods,Korea,2025-04-27
775,Jennifer Holmes,Uganda,2024-09-05
776,Kristen Dixon,Saint Pierre and Miquelon,2024-07-26
777,Brian Hernandez,Guadeloupe,2024-10-31
778,Curtis Wyatt,Montserrat,2023-10-28
779,Pam Martinez,Djibouti,2023-04-03
780,Andrea Avila,El Salvador,2024-06-02
781,Brianna Torres,Nigeria,2024-02-05
782,Karen Williams,Indonesia,2024-07-30
783,Natalie Huff,Eritrea,2024-02-16
784,Mark Johnston,Azerbaijan,2023-08-23
785,Brandon Thomas,Liberia,2023-12-30
786,James Thompson,Saint Kitts and Nevis,2023-09-18
787,Shelley Koch,Saint Pierre and Miquelon,2024-01-07
788,Vernon Parker,Namibia,2022-09-19
789,Rhonda Miller MD,Suriname,2024-09-21
790,Tina Johnson,India,2022-07-23
791,Carlos Hernandez,Israel,2023-11-22
792,Ryan Young,French Guiana,2023-02-25
793,Manuel Torres,Cayman Islands,2022-11-07
794,Michael Anderson,Romania,2025-06-05
795,Patricia Ramos,Bangladesh,2024-07-13
796,Terry Price,Morocco,2024-11-20
797,Nicole Perez,Dominica,2025-05-27
798,Deborah Harris,Brazil,2024-02-10
799,John Hill,Christmas Island,2024-10-27
800,Kristy Ortiz,Jersey,2024-07-08
801,Krystal Gardner,Liechtenstein,2023-09-19
802,Patricia Thomas,Georgia,2025-01-23
803,Andrew Schmidt,Honduras,2022-07-02
804,Kenneth Mccarty,Algeria,2024-11-27
805,Sandra Valdez,Seychelles,2025-06-12
806,Lisa Rios,Antigua and Barbuda,2022-10-29
807,William Hale,Nicaragua,2023-07-28
808,Joseph Sparks,Ethiopia,2022-08-22
809,Danielle Peterson,Somalia,2022-10-28
810,Chris Edwards,Honduras,2025-03-06
811,Adam Wells,Saint Pierre and Miquelon,2023-09-11
812,Thomas Allen,French Southern Territories,2022-11-30
813,Melissa Winters,Afghanistan,2022-09-29
814,James Stephenson,South Africa,2023-03-30
815,Amy Fox,Swaziland,2024-11-17
816,Joshua Saunders,Germany,2023-08-02
817,Robert Tapia,Poland,2022-08-30
818,Joseph Mills,Turks and Caicos Islands,2024-07-21
819,Brandy Kirk,Tonga,2025-05-03
820,Brenda Taylor,Vietnam,2024-01-24
821,Michael Ryan,Netherlands,2025-01-29
822,Edward Deleon,Norway,2024-03-23
823,Katrina Barry,Angola,2022-08-14
824,Anthony Jones,Western Sahara,2023-01-22
825,Cindy Harris,Heard Island and McDonald Islands,2024-11-02
826,Mrs. Heather Huff,Serbia,2025-05-01
827,Stephanie Spencer,Bangladesh,2025-03-21
828,Samuel Smith,El Salvador,2022-12-10
829,Anthony Mccann,Bhutan,2024-12-12
830,Justin Gregory,Suriname,2025-04-30
831,Kevin Mcguire,Sudan,2024-07-23
832,Emily Allen,Ecuador,2023-05-03
833,Christina Koch,British Indian Ocean Territory (Chagos Archipelago),2024-03-30
834,Kyle Robinson,Lao People's Democratic Republic,2025-02-20
835,Rachel Kim,Palestinian Territory,2022-08-24
836,Jacqueline Brown,Poland,2023-02-27
837,Clinton Hunt,Turkey,2024-12-07
838,Randy Thompson,Liechtenstein,2023-04-24
839,Richard Day,Bermuda,2023-03-08
840,Bethany Wilson,Honduras,2024-04-02
841,Veronica Martinez,Gambia,2024-05-13
842,Scott Weaver,Moldova,2022-08-26
843,Jeremy Sexton,Iraq,2023-05-17
844,Christopher Ingram,Cook Islands,2023-04-11
845,Julie Sullivan,Ghana,2023-01-16
846,Stephen Pierce,Cote d'Ivoire,2023-07-20
847,Bonnie Lloyd,Morocco,2025-01-16
848,Brian Berg,Belgium,2023-04-29
849,Amanda Gonzalez,Trinidad and Tobago,2022-07-20
850,Eric Carlson,Togo,2023-05-27
851,Stephanie Lucas,Georgia,2025-01-10
852,Kayla Miller,El Salvador,2025-03-03
853,Melanie Jones,Bosnia and Herzegovina,2024-04-04
854,Paul Lynch,Georgia,2022-09-25
855,James Mitchell,Switzerland,2024-05-17
856,Jeffrey Santana Jr.,Guadeloupe,2022-10-29
857,Edward Bowen,El Salvador,2023-01-22
858,Jason Butler,Mali,2023-11-05
859,Stephanie Chang,Turkey,2023-01-29
860,Bryan Brown,Angola,2023-03-14
861,Diane Juarez,Germany,2024-05-08
862,Molly Cortez,Kuwait,2023-01-24
863,Zoe Romero,Turks and Caicos Islands,2025-03-16
864,Robert Rosales,Bouvet Island (Bouvetoya),2025-04-13
865,Andrew Johnson,Martinique,2024-10-21
866,Jacob Fuller,Saint Helena,2023-03-21
867,Mrs. Nancy Berg,Ethiopia,2024-11-26
868,Mrs. Karen Landry,Burundi,2025-01-14
869,Jason Gross,Samoa,2024-03-02
870,Dr. Nicole Lewis DVM,Qatar,2023-10-13
871,Kathy Nichols,Spain,2023-04-09
872,Melissa Nguyen,Anguilla,2023-12-26
873,Alexander Fuller,French Southern Territories,2022-08-09
874,Lydia Pacheco,Gambia,2025-02-26
875,Mary Rogers,French Polynesia,2024-06-22
876,Caitlin Romero,Lesotho,2025-02-08
877,Alexa Meadows,Gabon,2024-06-07
878,Sarah Orozco,Latvia,2023-01-28
879,Andrew Cannon,Jamaica,2024-06-09
880,John Branch,Colombia,2024-03-24
881,Sheena Stevens,Guinea-Bissau,2022-07-01
882,George Moreno,Nauru,2024-01-19
883,Michael Costa,Mali,2022-10-26
884,Allison Hill,Portugal,2024-05-17
885,Beth Watkins,Puerto Rico,2023-12-21
886,Erika Davis,Mozambique,2024-07-08
887,Heather Brown,India,2024-04-15
888,Paul Rodgers,Cote d'Ivoire,2023-07-24
889,Brian Smith,Netherlands Antilles,2023-11-24
890,Dr. Jon Patterson,Belize,2023-12-04
891,Jason Simmons,Sudan,2024-12-05
892,Patrick Mosley,South Africa,2024-03-30
893,Michael Johnson,Burkina Faso,2023-09-11
894,Brooke Sandoval,France,2025-05-11
895,Wesley Nguyen,Gabon,2023-06-02
896,Lisa Harvey,Dominican Republic,2024-10-17
897,Tiffany Simpson,Australia,2023-02-13
898,Ivan Rice,Nauru,2025-01-31
899,Meagan Johnson,Tonga,2024-05-19
900,Rachael Romero,Jordan,2025-05-14
901,David Jackson,Azerbaijan,2024-08-03
902,James Reilly,Pakistan,2022-08-27
903,Ashley Singh,Portugal,2025-02-05
904,Peter Morgan,Heard Island and McDonald Islands,2024-03-07
905,Mr. John Clark,South Georgia and the South Sandwich Islands,2022-12-27
906,Matthew Whitaker,Hong Kong,2022-08-23
907,Kevin Barnes,Kyrgyz Republic,2024-06-05
908,Jason Fletcher,Holy See (Vatican City State),2023-03-08
909,Julie Martinez,Norfolk Island,2025-03-23
910,Erica Nelson,Djibouti,2024-08-25
911,Amy Harper,Isle of Man,2024-12-21
912,Maria Buckley,Palau,2023-04-06
913,Melanie Webster,Mozambique,2023-12-09
914,Roger Oneal,Honduras,2024-03-30
915,Kristin Porter,French Polynesia,2023-08-10
916,Edward Booker,Mexico,2024-04-26
917,Lisa Mercer,Libyan Arab Jamahiriya,2024-10-16
918,Theresa Thomas,Isle of Man,2025-06-12
919,Bonnie Tate,Macao,2025-03-02
920,Natasha Burch,Somalia,2022-10-26
921,Michael Dyer,Slovakia (Slovak Republic),2023-09-03
922,Nancy Caldwell,Russian Federation,2024-11-06
923,Carlos Herman,Northern Mariana Islands,2025-05-26
924,John Thomas,Singapore,2025-06-09
925,Laura Gomez,Mauritius,2023-09-19
926,Jennifer Wright,Qatar,2022-07-23
927,Thomas Short,Cocos (Keeling) Islands,2025-02-12
928,Kyle Hester,Dominica,2022-11-07
929,Anthony Beltran,Croatia,2024-09-03
930,Nathan Rollins,Andorra,2024-09-30
931,Amy Rice,France,2023-11-30
932,Stephen Harris,Uruguay,2024-07-27
933,Michelle Obrien,Argentina,2024-11-28
934,Michael Colon,Venezuela,2024-01-15
935,Angela Dunlap,Philippines,2023-11-19
936,Kimberly Harvey,Mexico,2023-10-05
937,Taylor Bowman,Sri Lanka,2023-04-29
938,Nicholas Campos,Mexico,2023-04-06
939,Stephanie Ferguson,Belize,2025-02-15
940,Lauren Garner,Morocco,2025-02-07
941,Oscar White PhD,Puerto Rico,2024-05-14
942,Ellen Noble,Palau,2023-01-09
943,Amanda Monroe,Venezuela,2024-09-07
944,John Phillips,Austria,2023-10-10
945,Jessica Stewart,Sudan,2023-09-22
946,Jacob Livingston,Estonia,2023-04-10
947,Edward Ward,Saint Martin,2024-03-04
948,Mario Petersen,Spain,2022-09-13
949,Scott Hurst,Somalia,2024-11-16
950,Michael Huff,El Salvador,2025-02-06
951,Terri Munoz,Lao People's Democratic Republic,2023-02-15
952,Carla Ferguson,Tonga,2024-10-27
953,Melissa Kennedy,Moldova,2023-01-11
954,Paul Levine,Norfolk Island,2023-01-15
955,Jonathan Flores,Estonia,2024-09-22
956,Robert Morris,Georgia,2024-07-08
957,Dennis Osborn,Serbia,2023-07-10
958,Daniel Mcbride,India,2022-12-18
959,Charles Horn,Latvia,2023-11-19
960,Angela Howard,Mozambique,2023-04-20
961,Brian Ramirez,Faroe Islands,2022-09-24
962,Christopher Kelly,Djibouti,2022-09-25
963,Alyssa Jennings,Nauru,2025-05-28
964,Christopher Stevens,Congo,2022-08-29
965,Daniel Crosby,Russian Federation,2024-10-24
966,Kelly Mcconnell,Iceland,2025-03-17
967,Cameron Walker,Barbados,2024-09-24
968,Brittany Montoya,Jamaica,2024-11-26
969,Andrew Nelson,Marshall Islands,2022-11-08
970,Rachel Coleman,Kiribati,2023-07-27
971,Ronald Holmes,Finland,2023-12-02
972,Samuel Anthony,San Marino,2025-05-04
973,Marc Montgomery,Burundi,2024-12-06
974,John Taylor,Uruguay,2022-08-23
975,Katie Lane,Korea,2022-06-29
976,Carrie Kaufman,Ghana,2024-08-05
977,Diane Barnett,Northern Mariana Islands,2024-11-23
978,Gwendolyn Glass,Malta,2023-04-09
979,Dawn Trevino,Slovakia (Slovak Republic),2024-12-06
980,Karen Russell,Botswana,2024-04-27
981,Donna Jones,Rwanda,2022-12-02
982,Martin Wilson,Greenland,2022-08-22
983,Julie Stevens,Bolivia,2023-02-04
984,Kevin Blankenship,Zimbabwe,2024-11-23
985,Danielle Cook,Christmas Island,2023-07-13
986,Gregory Butler,Italy,2025-02-04
987,James Moore,Congo,2023-07-02
988,Samantha James,Belize,2022-11-01
989,Gregory Bryan,Bhutan,2024-05-03
990,Thomas Manning,Palau,2023-04-28
991,Raven Sawyer,Germany,2024-10-31
992,Linda Summers,American Samoa,2024-11-08
993,Jacob Franklin,Jordan,2023-08-09
994,Melissa Coleman,Pakistan,2025-01-16
995,Richard Scott,Zimbabwe,2024-04-16
996,Aaron Massey,Dominican Republic,2022-08-26
997,Sandra Rogers,Mozambique,2024-09-20
998,Elizabeth Nelson,Central African Republic,2023-05-09
999,Katrina Burton,Honduras,2024-04-20
1000,Natalie Williams,Saudi Arabia,2022-10-12
